arm,dataset,subject_id,shared_pairs,full_kills,ablation_kills
no_RR,Patch,acfix_002_Templedao,1,0,0
no_RR,Patch,acfix_3_5_077_L1Block,1,0,0
no_RR,Patch,acfix_fixlink_Product2,1,0,0
no_RR,Patch,acfix_real_FlashGovernanceArbiter,1,1,0
no_RR,Patch,pop_033_PrivatePool,1,0,0
no_RR,Patch,pop_049_Cooler,1,0,0
no_RR,Patch,rc_access_control__phishable__sGuard__phishable,1,1,0
no_RR,Patch,rc_bad_randomness__old_blockhash__SolGPT__old_blockhash_2round,1,1,0
no_RR,Patch,rc_reentrancy__reentrancy_dao__sGuardPlus__reentrancy_dao,1,0,0
no_RR,Patch,rc_reentrancy__reentrancy_simple__sGuard__reentrancy_simple,1,1,0
no_RR,Patch,rc_time_manipulation__roulette__SolGPT__roulette_1round,1,1,0
no_RR,Patch,rc_time_manipulation__roulette__SolGPT__roulette_2round,1,1,0
no_RR,Patch,rc_time_manipulation__roulette__SolGPT__roulette_4round,1,1,0
no_RR,Patch,rc_unchecked_low_level_calls__address_00022__sGuardPlus__address_00022,1,1,1
no_RR,Patch,rcx_reentrancy__address_00013__SmartFix,1,0,0
no_RR,Patch,rcx_reentrancy__address_00013__sGuard,1,0,0
no_RR,Patch,rcx_reentrancy__address_00015__SmartFix,1,0,0
no_RR,Patch,rcx_reentrancy__address_00015__sGuard,1,0,0
no_RR,Patch,rcx_reentrancy__address_00026__SmartFix,1,0,0
no_RR,Patch,rcx_reentrancy__address_00026__sGuard,1,0,0
no_RR,Patch,rcx_unchecked_low_level_calls__address_00027__TIPS,1,1,1
no_RR,Patch,rcx_unchecked_low_level_calls__address_00027__sGuard,1,1,1
no_RR,Patch,rcx_unchecked_low_level_calls__address_00027__sGuardPlus,1,1,1
no_RC,Patch,acfix_002_Templedao,1,0,0
no_RC,Patch,acfix_015_CVE_2018_10666,1,1,1
no_RC,Patch,acfix_016_CVE_2018_10705,1,1,1
no_RC,Patch,acfix_021_CVE_2018_19832,1,1,1
no_RC,Patch,acfix_022_CVE_2018_19833,1,1,1
no_RC,Patch,acfix_026_CVE_2019_15080,1,1,1
no_RC,Patch,acfix_030_CVE_2021_34272,1,1,1
no_RC,Patch,acfix_031_CVE_2021_34273,1,1,1
no_RC,Patch,acfix_032_CVE_2021_39167,1,0,0
no_RC,Patch,acfix_033_CVE_2021_39168,1,0,0
no_RC,Patch,acfix_077_L1Block,1,1,0
no_RC,Patch,acfix_088_EmergencyOracleFactory,1,1,1
no_RC,Patch,acfix_3_5_015_CVE_2018_10666,1,1,1
no_RC,Patch,acfix_3_5_016_CVE_2018_10705,1,1,1
no_RC,Patch,acfix_3_5_076_RoundFactory,1,0,0
no_RC,Patch,acfix_3_5_077_L1Block,1,0,0
no_RC,Patch,acfix_3_5_088_EmergencyOracleFactory,1,1,0
no_RC,Patch,acfix_3_5_101_ANCHToken,1,0,0
no_RC,Patch,acfix_fixlink_DepositLog,1,1,1
no_RC,Patch,acfix_fixlink_DnGmxBatchingManager,1,0,0
no_RC,Patch,acfix_fixlink_MStableYieldSource,1,0,0
no_RC,Patch,acfix_fixlink_Product,1,0,0
no_RC,Patch,acfix_fixlink_Product2,1,0,0
no_RC,Patch,acfix_llama3_002_Templedao,1,0,0
no_RC,Patch,acfix_llama3_017_CVE_2018_11329,1,1,1
no_RC,Patch,acfix_llama3_022_CVE_2018_19833,1,1,1
no_RC,Patch,acfix_llama3_024_CVE_2019_15078,1,1,0
no_RC,Patch,acfix_real_BaseEscalationManager,1,1,1
no_RC,Patch,acfix_real_FlashGovernanceArbiter,1,1,0
no_RC,Patch,ct_20_Pool_sol_Synth_sol_Failing_Max_Value_Al,1,0,0
no_RC,Patch,ct_5_Proposals_can_be_cancelled,1,0,0
no_RC,Patch,pop_009_PrivatePool,1,0,0
no_RC,Patch,pop_018_PrivatePool,1,0,0
no_RC,Patch,pop_020_GSPFunding,1,0,0
no_RC,Patch,pop_032_PuttyV2,1,0,0
no_RC,Patch,pop_033_PrivatePool,1,0,0
no_RC,Patch,pop_042_VaultAdapter,1,0,0
no_RC,Patch,pop_046_CVXStaker,1,0,0
no_RC,Patch,pop_048_PrivatePool,1,0,0
no_RC,Patch,pop_049_Cooler,1,0,0
no_RC,Patch,pop_051_LiquidityPool,1,0,0
no_RC,Patch,pop_058_PuttyV2,1,0,0
no_RC,Patch,pop_066_LRTDepositPool,1,0,0
no_RC,Patch,pop_070_PhiNFT1155,1,0,0
no_RC,Patch,pop_077_GameItems,1,0,0
no_RC,Patch,pop_077_MergingPool,1,0,0
no_RC,Patch,rc_access_control__mycontract__SolGPT__mycontract_2round,1,0,0
no_RC,Patch,rc_access_control__mycontract__SolGPT__mycontract_3round,1,0,0
no_RC,Patch,rc_access_control__mycontract__sGuard__mycontract,1,0,0
no_RC,Patch,rc_access_control__phishable__SmartFix__phishable,1,1,0
no_RC,Patch,rc_access_control__phishable__TIPS__phishable,1,1,0
no_RC,Patch,rc_access_control__phishable__sGuardPlus__phishable,1,1,0
no_RC,Patch,rc_access_control__phishable__sGuard__phishable,1,1,0
no_RC,Patch,rc_access_control__simple_suicide__SmartFix__simple_suicide,1,1,1
no_RC,Patch,rc_access_control__simple_suicide__sGuardPlus__simple_suicide,1,1,1
no_RC,Patch,rc_access_control__wallet_02_refund_nosub__SmartFix__wallet_02_refund_nosub,1,0,0
no_RC,Patch,rc_access_control__wallet_02_refund_nosub__SolGPT__wallet_02_refund_nosub_2round,1,0,0
no_RC,Patch,rc_bad_randomness__old_blockhash__SolGPT__old_blockhash_1round,1,1,0
no_RC,Patch,rc_bad_randomness__old_blockhash__SolGPT__old_blockhash_2round,1,1,0
no_RC,Patch,rc_bad_randomness__old_blockhash__SolGPT__old_blockhash_3round,1,1,0
no_RC,Patch,rc_reentrancy__reentrancy_dao__SolGPT__reentrancy_dao_1round,1,0,0
no_RC,Patch,rc_reentrancy__reentrancy_dao__SolGPT__reentrancy_dao_4round,1,0,0
no_RC,Patch,rc_reentrancy__reentrancy_dao__sGuardPlus__reentrancy_dao,1,0,0
no_RC,Patch,rc_reentrancy__reentrancy_simple__SmartFix__reentrancy_simple,1,0,0
no_RC,Patch,rc_reentrancy__reentrancy_simple__sGuard__reentrancy_simple,1,1,0
no_RC,Patch,rc_time_manipulation__roulette__SolGPT__roulette_1round,1,1,0
no_RC,Patch,rc_time_manipulation__roulette__SolGPT__roulette_2round,1,1,0
no_RC,Patch,rc_time_manipulation__roulette__SolGPT__roulette_4round,1,1,0
no_RC,Patch,rc_unchecked_low_level_calls__address_00001__SolGPT__address_00001_3round,1,1,0
no_RC,Patch,rc_unchecked_low_level_calls__address_00003__SolGPT__address_00003_3round,1,0,0
no_RC,Patch,rc_unchecked_low_level_calls__address_00005__SolGPT__address_00005_2round,1,0,0
no_RC,Patch,rc_unchecked_low_level_calls__address_00005__SolGPT__address_00005_3round,1,0,0
no_RC,Patch,rc_unchecked_low_level_calls__address_00008__SolGPT__address_00008_1round,1,0,0
no_RC,Patch,rc_unchecked_low_level_calls__address_00008__SolGPT__address_00008_2round,1,0,0
no_RC,Patch,rc_unchecked_low_level_calls__address_00008__SolGPT__address_00008_3round,1,0,0
no_RC,Patch,rc_unchecked_low_level_calls__address_00014__TIPS__address_00014U2,1,0,0
no_RC,Patch,rc_unchecked_low_level_calls__address_00022__sGuardPlus__address_00022,1,1,1
no_RC,Patch,rc_unchecked_low_level_calls__address_00025__TIPS__address_00025U1,1,0,0
no_RC,Patch,rcx_reentrancy__address_00002__SmartFix,1,1,0
no_RC,Patch,rcx_reentrancy__address_00006__SmartFix,1,0,0
no_RC,Patch,rcx_reentrancy__address_00009__SmartFix,1,1,0
no_RC,Patch,rcx_reentrancy__address_00010__SmartFix,1,1,0
no_RC,Patch,rcx_reentrancy__address_00013__SmartFix,1,0,0
no_RC,Patch,rcx_reentrancy__address_00013__sGuard,1,0,0
no_RC,Patch,rcx_reentrancy__address_00015__SmartFix,1,0,0
no_RC,Patch,rcx_reentrancy__address_00015__sGuard,1,0,0
no_RC,Patch,rcx_reentrancy__address_00016__SmartFix,1,1,0
no_RC,Patch,rcx_reentrancy__address_00016__sGuard,1,1,1
no_RC,Patch,rcx_reentrancy__address_00019__SmartFix,1,1,0
no_RC,Patch,rcx_reentrancy__address_00021__SmartFix,1,1,0
no_RC,Patch,rcx_reentrancy__address_00023__SmartFix,1,1,0
no_RC,Patch,rcx_reentrancy__address_00023__sGuard,1,1,1
no_RC,Patch,rcx_reentrancy__address_00026__SmartFix,1,0,0
no_RC,Patch,rcx_reentrancy__address_00026__sGuard,1,0,0
no_RC,Patch,rcx_unchecked_low_level_calls__address_00004__SmartFix,1,0,0
no_RC,Patch,rcx_unchecked_low_level_calls__address_00007__SmartFix,1,0,0
no_RC,Patch,rcx_unchecked_low_level_calls__address_00007__TIPS,1,0,0
no_RC,Patch,rcx_unchecked_low_level_calls__address_00007__sGuard,1,0,0
no_RC,Patch,rcx_unchecked_low_level_calls__address_00011__SmartFix,1,0,0
no_RC,Patch,rcx_unchecked_low_level_calls__address_00012__SmartFix,1,0,0
no_RC,Patch,rcx_unchecked_low_level_calls__address_00012__TIPS,1,1,0
no_RC,Patch,rcx_unchecked_low_level_calls__address_00012__sGuard,1,1,0
no_RC,Patch,rcx_unchecked_low_level_calls__address_00012__sGuardPlus,1,0,0
no_RC,Patch,rcx_unchecked_low_level_calls__address_00018__TIPS,1,0,0
no_RC,Patch,rcx_unchecked_low_level_calls__address_00018__sGuard,1,0,0
no_RC,Patch,rcx_unchecked_low_level_calls__address_00020__SmartFix,1,0,0
no_RC,Patch,rcx_unchecked_low_level_calls__address_00020__TIPS,1,1,0
no_RC,Patch,rcx_unchecked_low_level_calls__address_00020__sGuard,1,1,0
no_RC,Patch,rcx_unchecked_low_level_calls__address_00020__sGuardPlus,1,0,0
no_RC,Patch,rcx_unchecked_low_level_calls__address_00024__TIPS,1,0,0
no_RC,Patch,rcx_unchecked_low_level_calls__address_00024__sGuard,1,0,0
no_RC,Patch,rcx_unchecked_low_level_calls__address_00027__TIPS,1,1,1
no_RC,Patch,rcx_unchecked_low_level_calls__address_00027__sGuard,1,1,1
no_RC,Patch,rcx_unchecked_low_level_calls__address_00027__sGuardPlus,1,1,1
no_RC,Patch,reprod_DCFToken,1,0,0
no_OS,Patch,acfix_002_Templedao,1,0,0
no_OS,Patch,acfix_015_CVE_2018_10666,1,1,0
no_OS,Patch,acfix_016_CVE_2018_10705,1,1,0
no_OS,Patch,acfix_021_CVE_2018_19832,1,1,0
no_OS,Patch,acfix_022_CVE_2018_19833,1,1,0
no_OS,Patch,acfix_026_CVE_2019_15080,1,1,0
no_OS,Patch,acfix_030_CVE_2021_34272,1,1,0
no_OS,Patch,acfix_031_CVE_2021_34273,1,1,0
no_OS,Patch,acfix_032_CVE_2021_39167,1,0,0
no_OS,Patch,acfix_033_CVE_2021_39168,1,0,0
no_OS,Patch,acfix_077_L1Block,1,1,0
no_OS,Patch,acfix_088_EmergencyOracleFactory,1,1,0
no_OS,Patch,acfix_3_5_015_CVE_2018_10666,1,1,0
no_OS,Patch,acfix_3_5_016_CVE_2018_10705,1,1,0
no_OS,Patch,acfix_3_5_076_RoundFactory,1,0,0
no_OS,Patch,acfix_3_5_077_L1Block,1,0,0
no_OS,Patch,acfix_3_5_088_EmergencyOracleFactory,1,1,0
no_OS,Patch,acfix_3_5_101_ANCHToken,1,0,0
no_OS,Patch,acfix_fixlink_DepositLog,1,1,1
no_OS,Patch,acfix_fixlink_DnGmxBatchingManager,1,0,0
no_OS,Patch,acfix_fixlink_MStableYieldSource,1,0,0
no_OS,Patch,acfix_fixlink_Product,1,0,0
no_OS,Patch,acfix_fixlink_Product2,1,0,0
no_OS,Patch,acfix_llama3_002_Templedao,1,0,0
no_OS,Patch,acfix_llama3_017_CVE_2018_11329,1,1,0
no_OS,Patch,acfix_llama3_022_CVE_2018_19833,1,1,0
no_OS,Patch,acfix_llama3_024_CVE_2019_15078,1,1,0
no_OS,Patch,acfix_real_BaseEscalationManager,1,1,1
no_OS,Patch,acfix_real_FlashGovernanceArbiter,1,1,0
no_OS,Patch,ct_20_Pool_sol_Synth_sol_Failing_Max_Value_Al,1,0,0
no_OS,Patch,ct_5_Proposals_can_be_cancelled,1,0,0
no_OS,Patch,pop_001_Multicall,1,1,1
no_OS,Patch,pop_009_PrivatePool,1,0,0
no_OS,Patch,pop_018_PrivatePool,1,0,0
no_OS,Patch,pop_020_GSPFunding,1,0,0
no_OS,Patch,pop_032_PuttyV2,1,0,0
no_OS,Patch,pop_033_PrivatePool,1,0,0
no_OS,Patch,pop_042_VaultAdapter,1,0,0
no_OS,Patch,pop_046_CVXStaker,1,0,0
no_OS,Patch,pop_048_PrivatePool,1,0,0
no_OS,Patch,pop_049_Cooler,1,0,0
no_OS,Patch,pop_051_LiquidityPool,1,0,0
no_OS,Patch,pop_058_PuttyV2,1,0,0
no_OS,Patch,pop_066_LRTDepositPool,1,0,0
no_OS,Patch,pop_070_PhiNFT1155,1,0,0
no_OS,Patch,pop_077_GameItems,1,0,0
no_OS,Patch,pop_077_MergingPool,1,0,0
no_OS,Patch,rc_access_control__mycontract__SolGPT__mycontract_2round,1,0,0
no_OS,Patch,rc_access_control__mycontract__SolGPT__mycontract_3round,1,0,0
no_OS,Patch,rc_access_control__mycontract__sGuard__mycontract,1,0,0
no_OS,Patch,rc_access_control__phishable__SmartFix__phishable,1,1,0
no_OS,Patch,rc_access_control__phishable__TIPS__phishable,1,1,0
no_OS,Patch,rc_access_control__phishable__sGuardPlus__phishable,1,1,0
no_OS,Patch,rc_access_control__phishable__sGuard__phishable,1,1,0
no_OS,Patch,rc_access_control__proxy__SolGPT__proxy_4round,1,0,0
no_OS,Patch,rc_access_control__simple_suicide__SmartFix__simple_suicide,1,1,0
no_OS,Patch,rc_access_control__simple_suicide__sGuardPlus__simple_suicide,1,1,0
no_OS,Patch,rc_access_control__wallet_02_refund_nosub__SmartFix__wallet_02_refund_nosub,1,0,0
no_OS,Patch,rc_access_control__wallet_02_refund_nosub__SolGPT__wallet_02_refund_nosub_2round,1,0,0
no_OS,Patch,rc_bad_randomness__old_blockhash__SolGPT__old_blockhash_1round,1,1,0
no_OS,Patch,rc_bad_randomness__old_blockhash__SolGPT__old_blockhash_2round,1,1,0
no_OS,Patch,rc_bad_randomness__old_blockhash__SolGPT__old_blockhash_3round,1,1,0
no_OS,Patch,rc_reentrancy__modifier_reentrancy__SmartFix__modifier_reentrancy,1,0,0
no_OS,Patch,rc_reentrancy__reentrancy_bonus__SmartFix__reentrancy_bonus,1,0,0
no_OS,Patch,rc_reentrancy__reentrancy_dao__SolGPT__reentrancy_dao_1round,1,0,0
no_OS,Patch,rc_reentrancy__reentrancy_dao__SolGPT__reentrancy_dao_4round,1,0,0
no_OS,Patch,rc_reentrancy__reentrancy_dao__sGuardPlus__reentrancy_dao,1,0,0
no_OS,Patch,rc_reentrancy__reentrancy_simple__SmartFix__reentrancy_simple,1,0,0
no_OS,Patch,rc_reentrancy__reentrancy_simple__sGuard__reentrancy_simple,1,1,0
no_OS,Patch,rc_time_manipulation__ether_lotto__SolGPT__ether_lotto_1round,1,0,0
no_OS,Patch,rc_time_manipulation__ether_lotto__SolGPT__ether_lotto_2round,1,0,0
no_OS,Patch,rc_time_manipulation__ether_lotto__SolGPT__ether_lotto_3round,1,0,0
no_OS,Patch,rc_time_manipulation__roulette__SolGPT__roulette_1round,1,1,0
no_OS,Patch,rc_time_manipulation__roulette__SolGPT__roulette_2round,1,1,0
no_OS,Patch,rc_time_manipulation__roulette__SolGPT__roulette_3round,1,0,0
no_OS,Patch,rc_time_manipulation__roulette__SolGPT__roulette_4round,1,1,0
no_OS,Patch,rc_unchecked_low_level_calls__address_00001__SolGPT__address_00001_3round,1,1,1
no_OS,Patch,rc_unchecked_low_level_calls__address_00003__SolGPT__address_00003_3round,1,0,0
no_OS,Patch,rc_unchecked_low_level_calls__address_00005__SolGPT__address_00005_2round,1,0,0
no_OS,Patch,rc_unchecked_low_level_calls__address_00005__SolGPT__address_00005_3round,1,0,0
no_OS,Patch,rc_unchecked_low_level_calls__address_00008__SolGPT__address_00008_1round,1,0,0
no_OS,Patch,rc_unchecked_low_level_calls__address_00008__SolGPT__address_00008_2round,1,0,0
no_OS,Patch,rc_unchecked_low_level_calls__address_00008__SolGPT__address_00008_3round,1,0,0
no_OS,Patch,rc_unchecked_low_level_calls__address_00014__TIPS__address_00014U2,1,0,0
no_OS,Patch,rc_unchecked_low_level_calls__address_00017__SolGPT__address_00017_1round,1,0,0
no_OS,Patch,rc_unchecked_low_level_calls__address_00022__sGuardPlus__address_00022,1,1,1
no_OS,Patch,rcx_reentrancy__address_00002__SmartFix,1,1,0
no_OS,Patch,rcx_reentrancy__address_00006__SmartFix,1,0,0
no_OS,Patch,rcx_reentrancy__address_00009__SmartFix,1,1,0
no_OS,Patch,rcx_reentrancy__address_00010__SmartFix,1,1,0
no_OS,Patch,rcx_reentrancy__address_00013__SmartFix,1,0,0
no_OS,Patch,rcx_reentrancy__address_00013__sGuard,1,0,0
no_OS,Patch,rcx_reentrancy__address_00015__SmartFix,1,0,0
no_OS,Patch,rcx_reentrancy__address_00015__sGuard,1,0,0
no_OS,Patch,rcx_reentrancy__address_00016__SmartFix,1,1,0
no_OS,Patch,rcx_reentrancy__address_00016__sGuard,1,1,0
no_OS,Patch,rcx_reentrancy__address_00019__SmartFix,1,1,0
no_OS,Patch,rcx_reentrancy__address_00021__SmartFix,1,1,0
no_OS,Patch,rcx_reentrancy__address_00023__SmartFix,1,1,0
no_OS,Patch,rcx_reentrancy__address_00023__sGuard,1,1,0
no_OS,Patch,rcx_reentrancy__address_00026__SmartFix,1,0,0
no_OS,Patch,rcx_reentrancy__address_00026__sGuard,1,0,0
no_OS,Patch,rcx_unchecked_low_level_calls__address_00004__SmartFix,1,0,0
no_OS,Patch,rcx_unchecked_low_level_calls__address_00007__SmartFix,1,0,0
no_OS,Patch,rcx_unchecked_low_level_calls__address_00007__TIPS,1,0,0
no_OS,Patch,rcx_unchecked_low_level_calls__address_00007__sGuard,1,0,0
no_OS,Patch,rcx_unchecked_low_level_calls__address_00011__SmartFix,1,0,0
no_OS,Patch,rcx_unchecked_low_level_calls__address_00012__SmartFix,1,0,0
no_OS,Patch,rcx_unchecked_low_level_calls__address_00012__TIPS,1,1,0
no_OS,Patch,rcx_unchecked_low_level_calls__address_00012__sGuard,1,1,0
no_OS,Patch,rcx_unchecked_low_level_calls__address_00012__sGuardPlus,1,0,0
no_OS,Patch,rcx_unchecked_low_level_calls__address_00018__TIPS,1,0,0
no_OS,Patch,rcx_unchecked_low_level_calls__address_00018__sGuard,1,0,0
no_OS,Patch,rcx_unchecked_low_level_calls__address_00020__SmartFix,1,0,0
no_OS,Patch,rcx_unchecked_low_level_calls__address_00020__TIPS,1,1,0
no_OS,Patch,rcx_unchecked_low_level_calls__address_00020__sGuard,1,1,0
no_OS,Patch,rcx_unchecked_low_level_calls__address_00020__sGuardPlus,1,0,0
no_OS,Patch,rcx_unchecked_low_level_calls__address_00024__TIPS,1,0,0
no_OS,Patch,rcx_unchecked_low_level_calls__address_00024__sGuard,1,0,0
no_OS,Patch,rcx_unchecked_low_level_calls__address_00027__TIPS,1,1,0
no_OS,Patch,rcx_unchecked_low_level_calls__address_00027__sGuard,1,1,0
no_OS,Patch,rcx_unchecked_low_level_calls__address_00027__sGuardPlus,1,1,0
no_OS,Patch,reprod_DCFToken,1,0,0
no_RR,Peer,peer_ccsolbmc__AIRBets,14,4,4
no_RR,Peer,peer_ccsolbmc__Animalia,468,27,9
no_RR,Peer,peer_ccsolbmc__AnyswapV5ERC20,292,44,8
no_RR,Peer,peer_ccsolbmc__AssetTransfer,593,78,15
no_RR,Peer,peer_ccsolbmc__Ballot,2,2,0
no_RR,Peer,peer_ccsolbmc__Benu,18,18,18
no_RR,Peer,peer_ccsolbmc__ChinaCoin,14,1,1
no_RR,Peer,peer_ccsolbmc__CyberFox,6,6,6
no_RR,Peer,peer_ccsolbmc__DogeMojo,2,2,2
no_RR,Peer,peer_ccsolbmc__DogeRocket,6,6,6
no_RR,Peer,peer_ccsolbmc__ERC20,5,5,5
no_RR,Peer,peer_ccsolbmc__EStack,4,4,4
no_RR,Peer,peer_ccsolbmc__GOLIATH,10,10,10
no_RR,Peer,peer_ccsolbmc__Galaxium,5,5,5
no_RR,Peer,peer_ccsolbmc__HOTDOGE,321,23,16
no_RR,Peer,peer_ccsolbmc__KOALA,278,20,14
no_RR,Peer,peer_ccsolbmc__KizunaInu,21,5,5
no_RR,Peer,peer_ccsolbmc__Kyuseishu,4,4,4
no_RR,Peer,peer_ccsolbmc__LILY,4,4,4
no_RR,Peer,peer_ccsolbmc__Lunar,277,40,31
no_RR,Peer,peer_ccsolbmc__MJCoin_Token,8,8,8
no_RR,Peer,peer_ccsolbmc__MayoOcho,5,5,5
no_RR,Peer,peer_ccsolbmc__MiraNft,6,6,6
no_RR,Peer,peer_ccsolbmc__PONY,278,13,5
no_RR,Peer,peer_ccsolbmc__PORCUPINE,278,21,14
no_RR,Peer,peer_ccsolbmc__PROGEV2,40,6,6
no_RR,Peer,peer_ccsolbmc__PipiCoin,11,11,11
no_RR,Peer,peer_ccsolbmc__RBC,14,14,14
no_RR,Peer,peer_ccsolbmc__RIAS,198,19,13
no_RR,Peer,peer_ccsolbmc__RefrigeratedTransportation,13,7,3
no_RR,Peer,peer_ccsolbmc__RoomThermostat,2,2,2
no_RR,Peer,peer_ccsolbmc__SATURNITE,8,1,1
no_RR,Peer,peer_ccsolbmc__SOTH,9,0,0
no_RR,Peer,peer_ccsolbmc__ShibaAstronaut,2,2,2
no_RR,Peer,peer_ccsolbmc__ShibaSamurai,303,22,14
no_RR,Peer,peer_ccsolbmc__SimpleECR20,19,19,19
no_RR,Peer,peer_ccsolbmc__SimpleMarketplace,4,4,0
no_RR,Peer,peer_ccsolbmc__TESTDONTBUY,7,1,1
no_RR,Peer,peer_ccsolbmc__TOAD,277,21,14
no_RR,Peer,peer_ccsolbmc__Thicc,7,7,7
no_RR,Peer,peer_ccsolbmc__Token,2,2,2
no_RR,Peer,peer_ccsolbmc__TokenVesting,6,4,4
no_RR,Peer,peer_ccsolbmc__VamprireDoge,2,2,2
no_RR,Peer,peer_ccsolbmc__WickedCraniums,3,3,3
no_RR,Peer,peer_ccsolbmc__eMastiff,18,1,1
no_RR,Peer,peer_ccsolbmc__eMuppy,18,18,18
no_RR,Peer,peer_ccsolbmc__eNew,274,24,15
no_RR,Peer,peer_ccsolbmc__goldinu,7,7,0
no_RR,Peer,peer_ccsolbmc__wLitiSale,196,4,4
no_RR,Peer,peer_solar__BasicToken,15,8,3
no_RR,Peer,peer_solar__DateTime,360,125,94
no_RR,Peer,peer_solar__DosAuction,3,3,3
no_RR,Peer,peer_solar__EasyPayAndWithDraw,4,4,4
no_RR,Peer,peer_solar__EtherBank,3,3,0
no_RR,Peer,peer_solar__FundRaising,5,2,2
no_RR,Peer,peer_solar__Gift_1_ETH,14,14,4
no_RR,Peer,peer_solar__GuardCheck,17,10,7
no_RR,Peer,peer_solar__Identity,89,26,24
no_RR,Peer,peer_solar__IdentityManager,3,3,3
no_RR,Peer,peer_solar__Randomness,33,3,3
no_RR,Peer,peer_solar__Reentrance,7,7,0
no_RR,Peer,peer_solar__Rubixi,6,6,6
no_RR,Peer,peer_solar__SecureAuction,29,8,6
no_RR,Peer,peer_solar__TestDateTime,640,95,42
no_RR,Peer,peer_solar__array-utils,11,11,11
no_RR,Peer,peer_solar__theRun,10,10,10
no_RR,Peer,peer_soltg__Math,70,57,57
no_RR,Peer,peer_soltg__branches_assert_condition_2,33,33,24
no_RR,Peer,peer_soltg__branches_merge_variables_3,7,7,7
no_RR,Peer,peer_soltg__branches_merge_variables_5,18,8,8
no_RR,Peer,peer_soltg__branches_merge_variables_6,6,6,6
no_RR,Peer,peer_soltg__constructor_1,33,7,7
no_RR,Peer,peer_soltg__constructor_2_fun_overloading,38,17,17
no_RR,Peer,peer_soltg__constructor_3,12,12,12
no_RR,Peer,peer_soltg__constructor_3_m,11,11,11
no_RR,Peer,peer_soltg__constructor_5,36,15,15
no_RR,Peer,peer_soltg__constructor_8,12,12,12
no_RR,Peer,peer_soltg__constructor_9,7,7,7
no_RR,Peer,peer_soltg__do_while_1_fail,10,10,5
no_RR,Peer,peer_soltg__exampl,10,8,3
no_RR,Peer,peer_soltg__for_1_break,15,15,13
no_RR,Peer,peer_soltg__for_1_break_fail,13,13,13
no_RR,Peer,peer_soltg__for_1_continue,10,10,6
no_RR,Peer,peer_soltg__loop_basic,10,10,10
no_RR,Peer,peer_soltg__loop_if,41,31,29
no_RR,Peer,peer_soltg__many_fun,27,27,19
no_RR,Peer,peer_soltg__overloading,24,11,11
no_RR,Peer,peer_soltg__return_1,73,48,47
no_RR,Peer,peer_soltg__revert_complex_flow,6,6,6
no_RR,Peer,peer_soltg__seq_calls,9,9,9
no_RR,Peer,peer_soltg__short_circuit_and,13,13,13
no_RR,Peer,peer_soltg__short_circuit_or_inside_branch,19,19,19
no_RR,Peer,peer_soltg__simple_if,16,16,11
no_RR,Peer,peer_soltg__simple_if_2,31,31,26
no_RR,Peer,peer_soltg__store,5,5,5
no_RR,Peer,peer_soltg__store_state,18,5,2
no_RR,Peer,peer_soltg__while_1,13,13,9
no_RR,Peer,peer_soltg__while_1_continue,14,14,12
no_RR,Peer,peer_soltg__while_1_continue_fail,25,18,12
no_RR,Peer,peer_soltg__while_2,10,10,10
no_RR,Peer,peer_soltg__while_nested_break,33,33,31
no_RR,Peer,peer_soltg__while_nested_continue,12,12,12
no_RR,Peer,peer_syntest__AavePoolReward,219,24,14
no_RR,Peer,peer_syntest__Baz,1,1,1
no_RR,Peer,peer_syntest__Core_Fi_V3,2,1,1
no_RR,Peer,peer_syntest__CryptoSecureBankToken,3,3,3
no_RR,Peer,peer_syntest__DJCoin,1,1,1
no_RR,Peer,peer_syntest__EdenCoin,7,6,3
no_RR,Peer,peer_syntest__FreakCoin,3,2,0
no_RR,Peer,peer_syntest__GAZ_ERC20,26,0,0
no_RR,Peer,peer_syntest__MetaCoin,37,6,0
no_RR,Peer,peer_syntest__Rootkit_finance,15,5,5
no_RR,Peer,peer_syntest__SLTDETHlpReward,215,24,21
no_RR,Peer,peer_syntest__Straight_Fire_Finance,2,2,2
no_RR,Peer,peer_syntest__TetherToken,1,1,1
no_RR,Peer,peer_syntest__ThriftToken,26,26,8
no_RC,Peer,peer_ccsolbmc__AIRBets,239,19,13
no_RC,Peer,peer_ccsolbmc__Address,314,11,3
no_RC,Peer,peer_ccsolbmc__Animalia,468,27,9
no_RC,Peer,peer_ccsolbmc__AnyswapV5ERC20,292,44,7
no_RC,Peer,peer_ccsolbmc__AssetTransfer,593,78,60
no_RC,Peer,peer_ccsolbmc__BERNIE,340,22,3
no_RC,Peer,peer_ccsolbmc__Ballot,54,15,0
no_RC,Peer,peer_ccsolbmc__BasicProvenance,47,22,6
no_RC,Peer,peer_ccsolbmc__Benu,119,20,20
no_RC,Peer,peer_ccsolbmc__BurnableERC20,104,7,7
no_RC,Peer,peer_ccsolbmc__COINNetwork,315,3,3
no_RC,Peer,peer_ccsolbmc__ChinaCoin,276,7,7
no_RC,Peer,peer_ccsolbmc__CyberFox,181,26,19
no_RC,Peer,peer_ccsolbmc__DigitalLocker,120,40,38
no_RC,Peer,peer_ccsolbmc__DogeMojo,41,7,4
no_RC,Peer,peer_ccsolbmc__DogeRocket,298,15,14
no_RC,Peer,peer_ccsolbmc__ERC20,128,32,10
no_RC,Peer,peer_ccsolbmc__EStack,284,17,10
no_RC,Peer,peer_ccsolbmc__GOLIATH,127,34,11
no_RC,Peer,peer_ccsolbmc__Galaxium,145,36,5
no_RC,Peer,peer_ccsolbmc__HOTDOGE,321,23,11
no_RC,Peer,peer_ccsolbmc__HotinuFinance,485,21,3
no_RC,Peer,peer_ccsolbmc__KOALA,278,20,8
no_RC,Peer,peer_ccsolbmc__KizunaInu,302,14,11
no_RC,Peer,peer_ccsolbmc__Kyuseishu,138,40,4
no_RC,Peer,peer_ccsolbmc__LILY,268,16,5
no_RC,Peer,peer_ccsolbmc__Lunar,277,40,28
no_RC,Peer,peer_ccsolbmc__MJCoin_Token,115,8,8
no_RC,Peer,peer_ccsolbmc__MayoOcho,108,27,5
no_RC,Peer,peer_ccsolbmc__MiraNft,336,9,8
no_RC,Peer,peer_ccsolbmc__PONY,278,13,4
no_RC,Peer,peer_ccsolbmc__PORCUPINE,278,21,8
no_RC,Peer,peer_ccsolbmc__PROGEV2,298,29,22
no_RC,Peer,peer_ccsolbmc__PipiCoin,82,13,13
no_RC,Peer,peer_ccsolbmc__RBC,85,18,18
no_RC,Peer,peer_ccsolbmc__RIAS,198,19,12
no_RC,Peer,peer_ccsolbmc__RefrigeratedTransportation,143,42,3
no_RC,Peer,peer_ccsolbmc__RoomThermostat,34,19,10
no_RC,Peer,peer_ccsolbmc__Ryujin,347,13,8
no_RC,Peer,peer_ccsolbmc__SATURNITE,287,7,7
no_RC,Peer,peer_ccsolbmc__SOTH,272,6,6
no_RC,Peer,peer_ccsolbmc__ShibaAstronaut,40,7,4
no_RC,Peer,peer_ccsolbmc__ShibaJail,299,6,6
no_RC,Peer,peer_ccsolbmc__ShibaKiyo,530,21,6
no_RC,Peer,peer_ccsolbmc__ShibaSamurai,303,22,9
no_RC,Peer,peer_ccsolbmc__SimpleECR20,88,23,23
no_RC,Peer,peer_ccsolbmc__SimpleMarketplace,43,23,8
no_RC,Peer,peer_ccsolbmc__TESTDONTBUY,385,6,6
no_RC,Peer,peer_ccsolbmc__TOAD,277,21,8
no_RC,Peer,peer_ccsolbmc__Thicc,313,24,11
no_RC,Peer,peer_ccsolbmc__Token,38,5,2
no_RC,Peer,peer_ccsolbmc__TokenVesting,209,24,4
no_RC,Peer,peer_ccsolbmc__UniswapV3MigratorProxy,3,2,0
no_RC,Peer,peer_ccsolbmc__VamprireDoge,41,7,4
no_RC,Peer,peer_ccsolbmc__WickedCraniums,561,7,5
no_RC,Peer,peer_ccsolbmc__WrappedToken,363,10,6
no_RC,Peer,peer_ccsolbmc__eMastiff,290,6,6
no_RC,Peer,peer_ccsolbmc__eMuppy,177,24,24
no_RC,Peer,peer_ccsolbmc__eNew,274,24,13
no_RC,Peer,peer_ccsolbmc__escrow,31,7,7
no_RC,Peer,peer_ccsolbmc__goldinu,275,20,7
no_RC,Peer,peer_ccsolbmc__ptest,24,0,0
no_RC,Peer,peer_ccsolbmc__salvador,51,8,0
no_RC,Peer,peer_ccsolbmc__shibabread,290,2,2
no_RC,Peer,peer_ccsolbmc__wLitiSale,196,4,4
no_RC,Peer,peer_solar__BadAuction,14,4,4
no_RC,Peer,peer_solar__BasicToken,15,8,3
no_RC,Peer,peer_solar__Casino,103,19,0
no_RC,Peer,peer_solar__DateTime,360,125,94
no_RC,Peer,peer_solar__DosAuction,29,6,4
no_RC,Peer,peer_solar__EIP20StandardToken,36,7,0
no_RC,Peer,peer_solar__EasyPayAndWithDraw,16,6,6
no_RC,Peer,peer_solar__EtherBank,34,13,7
no_RC,Peer,peer_solar__EzToken,29,8,1
no_RC,Peer,peer_solar__FixedSupplyToken,65,24,2
no_RC,Peer,peer_solar__FundRaising,43,3,3
no_RC,Peer,peer_solar__Gift_1_ETH,29,19,6
no_RC,Peer,peer_solar__Greeter,58,0,0
no_RC,Peer,peer_solar__Greeter2,35,0,0
no_RC,Peer,peer_solar__Greeter3,54,0,0
no_RC,Peer,peer_solar__GuardCheck,32,14,7
no_RC,Peer,peer_solar__Identity,89,26,20
no_RC,Peer,peer_solar__IdentityManager,80,10,8
no_RC,Peer,peer_solar__MultiSigWallet (1),104,1,0
no_RC,Peer,peer_solar__MultiSigWallet (2),104,16,0
no_RC,Peer,peer_solar__PermissionGroups,92,18,0
no_RC,Peer,peer_solar__Randomness,33,3,1
no_RC,Peer,peer_solar__Reentrance,61,12,0
no_RC,Peer,peer_solar__Rubixi,194,41,9
no_RC,Peer,peer_solar__SecureAuction,29,8,5
no_RC,Peer,peer_solar__TestDateTime,640,95,43
no_RC,Peer,peer_solar__array-utils,370,19,14
no_RC,Peer,peer_solar__theRun,264,24,13
no_RC,Peer,peer_soltg__Math,70,57,57
no_RC,Peer,peer_soltg__branches_assert_condition_2,46,33,24
no_RC,Peer,peer_soltg__branches_in_modifiers,22,5,5
no_RC,Peer,peer_soltg__branches_in_modifiers_2,57,4,4
no_RC,Peer,peer_soltg__branches_inside_modifiers_3,43,3,3
no_RC,Peer,peer_soltg__branches_merge_variables_3,17,7,7
no_RC,Peer,peer_soltg__branches_merge_variables_5,19,8,8
no_RC,Peer,peer_soltg__branches_merge_variables_6,19,6,6
no_RC,Peer,peer_soltg__constructor_1,33,7,7
no_RC,Peer,peer_soltg__constructor_2_fun_overloading,38,17,17
no_RC,Peer,peer_soltg__constructor_3,38,16,12
no_RC,Peer,peer_soltg__constructor_3_m,30,25,12
no_RC,Peer,peer_soltg__constructor_5,36,15,15
no_RC,Peer,peer_soltg__constructor_6,43,17,4
no_RC,Peer,peer_soltg__constructor_8,26,12,12
no_RC,Peer,peer_soltg__constructor_9,12,7,7
no_RC,Peer,peer_soltg__constructor_state_variable_init,81,0,0
no_RC,Peer,peer_soltg__constructor_state_variable_init_chain_alternate,38,4,4
no_RC,Peer,peer_soltg__constructor_state_variable_init_diamond,109,0,0
no_RC,Peer,peer_soltg__constructors,51,0,0
no_RC,Peer,peer_soltg__do_while_1_fail,18,10,6
no_RC,Peer,peer_soltg__exampl,10,8,3
no_RC,Peer,peer_soltg__few_calls,36,6,6
no_RC,Peer,peer_soltg__for_1_break,25,15,13
no_RC,Peer,peer_soltg__for_1_break_fail,18,13,13
no_RC,Peer,peer_soltg__for_1_continue,22,10,6
no_RC,Peer,peer_soltg__loop_basic,11,10,10
no_RC,Peer,peer_soltg__loop_if,42,31,29
no_RC,Peer,peer_soltg__many_fun,68,61,47
no_RC,Peer,peer_soltg__microWeth,12,3,3
no_RC,Peer,peer_soltg__overloading,24,11,11
no_RC,Peer,peer_soltg__return_1,73,48,47
no_RC,Peer,peer_soltg__revert_complex_flow,21,6,6
no_RC,Peer,peer_soltg__seq_calls,42,12,9
no_RC,Peer,peer_soltg__short_circuit_and,20,13,13
no_RC,Peer,peer_soltg__short_circuit_and_inside_branch,19,0,0
no_RC,Peer,peer_soltg__short_circuit_or_inside_branch,40,19,19
no_RC,Peer,peer_soltg__simple_if,21,16,11
no_RC,Peer,peer_soltg__simple_if_2,33,31,26
no_RC,Peer,peer_soltg__simple_if_state_var,19,4,4
no_RC,Peer,peer_soltg__simple_if_struct,19,4,4
no_RC,Peer,peer_soltg__simple_if_struct_2,19,4,4
no_RC,Peer,peer_soltg__state_machine_1,37,13,13
no_RC,Peer,peer_soltg__state_machine_1_fail,36,14,14
no_RC,Peer,peer_soltg__store,25,8,5
no_RC,Peer,peer_soltg__store_state,18,5,2
no_RC,Peer,peer_soltg__triple_nested_if,21,9,9
no_RC,Peer,peer_soltg__while_1,22,15,9
no_RC,Peer,peer_soltg__while_1_continue,24,14,12
no_RC,Peer,peer_soltg__while_1_continue_fail,26,18,13
no_RC,Peer,peer_soltg__while_2,23,10,10
no_RC,Peer,peer_soltg__while_nested_break,59,33,32
no_RC,Peer,peer_soltg__while_nested_continue,49,21,12
no_RC,Peer,peer_syntest__AavePoolReward,219,24,12
no_RC,Peer,peer_syntest__Baz,58,35,1
no_RC,Peer,peer_syntest__BirdOracle,232,3,0
no_RC,Peer,peer_syntest__Core_Fi_V3,61,13,2
no_RC,Peer,peer_syntest__CryptoGhost,818,6,2
no_RC,Peer,peer_syntest__CryptoSecureBankToken,248,42,3
no_RC,Peer,peer_syntest__DJCoin,169,7,5
no_RC,Peer,peer_syntest__EdenCoin,112,20,4
no_RC,Peer,peer_syntest__FreakCoin,155,52,42
no_RC,Peer,peer_syntest__GAZ_ERC20,119,9,9
no_RC,Peer,peer_syntest__INS,38,13,11
no_RC,Peer,peer_syntest__MetaCoin,37,6,0
no_RC,Peer,peer_syntest__Revive,221,7,6
no_RC,Peer,peer_syntest__Rootkit_finance,61,6,6
no_RC,Peer,peer_syntest__SLTDETHlpReward,215,24,20
no_RC,Peer,peer_syntest__Straight_Fire_Finance,61,10,3
no_RC,Peer,peer_syntest__TetherToken,270,68,4
no_RC,Peer,peer_syntest__ThriftToken,148,27,9
no_RC,Peer,peer_syntest__TimeMiner,215,77,62
no_RC,Peer,peer_syntest__WOLF,123,4,4
no_OS,Peer,peer_ccsolbmc__AIRBets,39,19,1
no_OS,Peer,peer_ccsolbmc__Address,11,11,1
no_OS,Peer,peer_ccsolbmc__Animalia,27,27,9
no_OS,Peer,peer_ccsolbmc__AnyswapV5ERC20,44,44,6
no_OS,Peer,peer_ccsolbmc__AssetTransfer,62,32,0
no_OS,Peer,peer_ccsolbmc__BERNIE,32,14,1
no_OS,Peer,peer_ccsolbmc__Ballot,12,12,1
no_OS,Peer,peer_ccsolbmc__BasicProvenance,23,22,0
no_OS,Peer,peer_ccsolbmc__Benu,20,20,13
no_OS,Peer,peer_ccsolbmc__BurnableERC20,8,7,7
no_OS,Peer,peer_ccsolbmc__COINNetwork,3,3,1
no_OS,Peer,peer_ccsolbmc__ChinaCoin,20,7,1
no_OS,Peer,peer_ccsolbmc__ClockBoxContract,7,7,7
no_OS,Peer,peer_ccsolbmc__CyberFox,38,23,5
no_OS,Peer,peer_ccsolbmc__DigitalLocker,78,36,2
no_OS,Peer,peer_ccsolbmc__DogeMojo,7,7,0
no_OS,Peer,peer_ccsolbmc__DogeRocket,15,15,6
no_OS,Peer,peer_ccsolbmc__ERC20,32,32,5
no_OS,Peer,peer_ccsolbmc__EStack,17,17,1
no_OS,Peer,peer_ccsolbmc__GOLIATH,34,34,10
no_OS,Peer,peer_ccsolbmc__Galaxium,36,36,0
no_OS,Peer,peer_ccsolbmc__HOTDOGE,17,14,1
no_OS,Peer,peer_ccsolbmc__HotinuFinance,46,13,1
no_OS,Peer,peer_ccsolbmc__KOALA,26,20,5
no_OS,Peer,peer_ccsolbmc__KizunaInu,30,14,1
no_OS,Peer,peer_ccsolbmc__Kyuseishu,34,32,0
no_OS,Peer,peer_ccsolbmc__LILY,19,16,2
no_OS,Peer,peer_ccsolbmc__Lunar,48,40,22
no_OS,Peer,peer_ccsolbmc__MJCoin_Token,11,8,0
no_OS,Peer,peer_ccsolbmc__MayoOcho,23,23,0
no_OS,Peer,peer_ccsolbmc__MiraNft,9,9,2
no_OS,Peer,peer_ccsolbmc__PONY,16,13,6
no_OS,Peer,peer_ccsolbmc__PORCUPINE,24,21,6
no_OS,Peer,peer_ccsolbmc__PROGEV2,63,29,5
no_OS,Peer,peer_ccsolbmc__PipiCoin,13,13,5
no_OS,Peer,peer_ccsolbmc__RBC,14,14,6
no_OS,Peer,peer_ccsolbmc__RIAS,50,16,0
no_OS,Peer,peer_ccsolbmc__RefrigeratedTransportation,42,42,0
no_OS,Peer,peer_ccsolbmc__RoomThermostat,17,15,0
no_OS,Peer,peer_ccsolbmc__Ryujin,21,13,6
no_OS,Peer,peer_ccsolbmc__SATURNITE,14,7,1
no_OS,Peer,peer_ccsolbmc__SOTH,13,4,1
no_OS,Peer,peer_ccsolbmc__ShibaAstronaut,7,7,0
no_OS,Peer,peer_ccsolbmc__ShibaJail,6,6,1
no_OS,Peer,peer_ccsolbmc__ShibaKiyo,21,21,4
no_OS,Peer,peer_ccsolbmc__ShibaSamurai,25,22,9
no_OS,Peer,peer_ccsolbmc__SimpleECR20,19,19,11
no_OS,Peer,peer_ccsolbmc__SimpleMarketplace,23,18,0
no_OS,Peer,peer_ccsolbmc__StarNFTProxy,15,15,15
no_OS,Peer,peer_ccsolbmc__TESTDONTBUY,27,6,1
no_OS,Peer,peer_ccsolbmc__TOAD,27,21,6
no_OS,Peer,peer_ccsolbmc__Thicc,24,24,7
no_OS,Peer,peer_ccsolbmc__Token,5,5,0
no_OS,Peer,peer_ccsolbmc__TokenVesting,28,24,0
no_OS,Peer,peer_ccsolbmc__UniswapV3MigratorProxy,2,2,0
no_OS,Peer,peer_ccsolbmc__VamprireDoge,7,7,0
no_OS,Peer,peer_ccsolbmc__WickedCraniums,7,7,2
no_OS,Peer,peer_ccsolbmc__WrappedToken,10,10,3
no_OS,Peer,peer_ccsolbmc__eMastiff,28,6,1
no_OS,Peer,peer_ccsolbmc__eMuppy,22,20,12
no_OS,Peer,peer_ccsolbmc__eNew,23,20,6
no_OS,Peer,peer_ccsolbmc__escrow,5,3,3
no_OS,Peer,peer_ccsolbmc__goldinu,20,20,4
no_OS,Peer,peer_ccsolbmc__salvador,20,8,4
no_OS,Peer,peer_ccsolbmc__shibabread,4,2,2
no_OS,Peer,peer_ccsolbmc__wLitiSale,4,4,0
no_OS,Peer,peer_solar__BadAuction,1,1,0
no_OS,Peer,peer_solar__BasicToken,6,6,1
no_OS,Peer,peer_solar__Casino,4,4,0
no_OS,Peer,peer_solar__DateTime,122,122,9
no_OS,Peer,peer_solar__DosAuction,6,6,1
no_OS,Peer,peer_solar__EIP20StandardToken,7,7,1
no_OS,Peer,peer_solar__EasyPayAndWithDraw,6,6,4
no_OS,Peer,peer_solar__EtherBank,13,13,8
no_OS,Peer,peer_solar__EzToken,8,8,1
no_OS,Peer,peer_solar__FixedSupplyToken,21,17,0
no_OS,Peer,peer_solar__FundRaising,6,3,1
no_OS,Peer,peer_solar__Gift_1_ETH,17,17,0
no_OS,Peer,peer_solar__GuardCheck,14,14,0
no_OS,Peer,peer_solar__GuessTheNumberChallenge,10,10,7
no_OS,Peer,peer_solar__Identity,26,26,6
no_OS,Peer,peer_solar__IdentityManager,10,10,0
no_OS,Peer,peer_solar__LotteryFor10,28,28,1
no_OS,Peer,peer_solar__LotteryMultipleWinners,16,16,13
no_OS,Peer,peer_solar__MultiSigWallet (1),1,1,1
no_OS,Peer,peer_solar__MultiSigWallet (2),4,1,1
no_OS,Peer,peer_solar__PermissionGroups,18,18,0
no_OS,Peer,peer_solar__Randomness,7,1,0
no_OS,Peer,peer_solar__Reentrance,12,12,7
no_OS,Peer,peer_solar__Rubixi,53,41,7
no_OS,Peer,peer_solar__SecureAuction,8,8,2
no_OS,Peer,peer_solar__TestDateTime,63,63,13
no_OS,Peer,peer_solar__VulnerableTwoStep,9,9,0
no_OS,Peer,peer_solar__array-utils,19,19,9
no_OS,Peer,peer_solar__theRun,23,18,1
no_OS,Peer,peer_soltg__Math,57,57,32
no_OS,Peer,peer_soltg__branches_assert_condition_2,33,33,25
no_OS,Peer,peer_soltg__branches_in_modifiers,5,5,0
no_OS,Peer,peer_soltg__branches_in_modifiers_2,4,4,0
no_OS,Peer,peer_soltg__branches_inside_modifiers_3,3,3,0
no_OS,Peer,peer_soltg__constructor_1,7,7,4
no_OS,Peer,peer_soltg__constructor_2_fun_overloading,17,17,6
no_OS,Peer,peer_soltg__constructor_3,26,16,11
no_OS,Peer,peer_soltg__constructor_3_m,23,23,11
no_OS,Peer,peer_soltg__constructor_5,15,15,4
no_OS,Peer,peer_soltg__constructor_6,17,17,3
no_OS,Peer,peer_soltg__constructor_7,14,14,0
no_OS,Peer,peer_soltg__constructor_8,12,12,12
no_OS,Peer,peer_soltg__do_while_1_fail,3,3,0
no_OS,Peer,peer_soltg__exampl,8,8,0
no_OS,Peer,peer_soltg__few_calls,6,6,6
no_OS,Peer,peer_soltg__for_1_break,3,3,0
no_OS,Peer,peer_soltg__for_1_break_fail,3,3,0
no_OS,Peer,peer_soltg__for_1_continue,3,3,0
no_OS,Peer,peer_soltg__loop_basic,2,2,0
no_OS,Peer,peer_soltg__loop_if,31,31,7
no_OS,Peer,peer_soltg__many_fun,61,61,16
no_OS,Peer,peer_soltg__microWeth,3,3,3
no_OS,Peer,peer_soltg__overloading,11,11,6
no_OS,Peer,peer_soltg__return_1,1,1,0
no_OS,Peer,peer_soltg__revert_complex_flow,6,6,0
no_OS,Peer,peer_soltg__seq_calls,14,9,9
no_OS,Peer,peer_soltg__short_circuit_and,13,13,13
no_OS,Peer,peer_soltg__short_circuit_or_inside_branch,19,19,13
no_OS,Peer,peer_soltg__simple_if,16,16,9
no_OS,Peer,peer_soltg__simple_if_2,31,31,9
no_OS,Peer,peer_soltg__simple_if_array,4,4,0
no_OS,Peer,peer_soltg__simple_if_state_var,4,4,0
no_OS,Peer,peer_soltg__simple_if_struct,4,4,0
no_OS,Peer,peer_soltg__simple_if_struct_2,4,4,0
no_OS,Peer,peer_soltg__state_machine_1,13,13,8
no_OS,Peer,peer_soltg__state_machine_1_fail,14,14,5
no_OS,Peer,peer_soltg__store,4,4,1
no_OS,Peer,peer_soltg__store_state,5,5,1
no_OS,Peer,peer_soltg__triple_nested_if,9,9,0
no_OS,Peer,peer_soltg__while_1,5,5,0
no_OS,Peer,peer_soltg__while_1_continue,3,3,0
no_OS,Peer,peer_soltg__while_1_continue_fail,9,9,0
no_OS,Peer,peer_soltg__while_nested_break,5,5,0
no_OS,Peer,peer_soltg__while_nested_continue,13,13,0
no_OS,Peer,peer_syntest__AavePoolReward,25,19,4
no_OS,Peer,peer_syntest__Baz,39,34,0
no_OS,Peer,peer_syntest__BirdOracle,3,3,0
no_OS,Peer,peer_syntest__Core_Fi_V3,19,13,1
no_OS,Peer,peer_syntest__CryptoGhost,8,6,2
no_OS,Peer,peer_syntest__CryptoSecureBankToken,41,34,0
no_OS,Peer,peer_syntest__DJCoin,7,7,4
no_OS,Peer,peer_syntest__EdenCoin,10,9,1
no_OS,Peer,peer_syntest__FreakCoin,23,22,1
no_OS,Peer,peer_syntest__GAZ_ERC20,93,9,6
no_OS,Peer,peer_syntest__INS,13,13,8
no_OS,Peer,peer_syntest__MetaCoin,9,6,0
no_OS,Peer,peer_syntest__Revive,9,7,6
no_OS,Peer,peer_syntest__Rootkit_finance,16,6,1
no_OS,Peer,peer_syntest__SLTDETHlpReward,32,24,12
no_OS,Peer,peer_syntest__Straight_Fire_Finance,16,7,1
no_OS,Peer,peer_syntest__TetherToken,69,65,2
no_OS,Peer,peer_syntest__ThriftToken,25,25,1
no_OS,Peer,peer_syntest__TimeMiner,58,58,1
no_OS,Peer,peer_syntest__WOLF,12,4,1
no_RR,Real,ERC-3643__ERC-3643__AgentRole,31,21,10
no_RR,Real,ERC-3643__ERC-3643__AgentRoleUpgradeable,3,3,3
no_RR,Real,ERC-3643__ERC-3643__ClaimTopicsRegistry,19,18,18
no_RR,Real,ERC-3643__ERC-3643__DefaultCompliance,21,21,6
no_RR,Real,ERC-3643__ERC-3643__IdentityRegistry,3,3,3
no_RR,Real,ERC-3643__ERC-3643__IdentityRegistryStorage,3,3,3
no_RR,Real,ERC-3643__ERC-3643__ModularCompliance,3,3,3
no_RR,Real,ERC-3643__ERC-3643__TREXGateway,3,3,3
no_RR,Real,ERC-3643__ERC-3643__TrustedIssuersRegistry,19,18,18
no_RR,Real,ProjectOpenSea__seaport__LocalConduit,8,8,3
no_RR,Real,ProjectOpenSea__seaport__LocalConduitController,11,1,1
no_RR,Real,ProjectOpenSea__seaport__PausableZone,333,19,16
no_RR,Real,Uniswap__v4-core__PoolManager,3,3,3
no_RR,Real,balancer__balancer-v3-monorepo__BalancerContractRegistry,1,1,1
no_RR,Real,balancer__balancer-v3-monorepo__CowRouter,1,0,0
no_RR,Real,balancer__balancer-v3-monorepo__FeeBurnerAuthentication,7,7,6
no_RR,Real,balancer__balancer-v3-monorepo__OwnableAuthentication,20,7,6
no_RR,Real,balancer__balancer-v3-monorepo__ProtocolFeePercentagesProvider,4,0,0
no_RR,Real,balancer__balancer-v3-monorepo__TokenPairRegistry,7,7,6
no_RR,Real,compound-finance__comet__ArbitrumBridgeReceiver,114,2,2
no_RR,Real,compound-finance__comet__AssetList,2,2,0
no_RR,Real,compound-finance__comet__BaseBridgeReceiver,93,3,0
no_RR,Real,compound-finance__comet__LineaBridgeReceiver,115,3,3
no_RR,Real,compound-finance__comet__MarketAdminPermissionChecker,27,25,12
no_RR,Real,compound-finance__comet__MarketUpdateTimelock,9,9,0
no_RR,Real,compound-finance__comet__OptimismBridgeReceiver,124,4,3
no_RR,Real,compound-finance__comet__PolygonBridgeReceiver,109,2,1
no_RR,Real,compound-finance__comet__RoninBridgeReceiver,138,8,6
no_RR,Real,compound-finance__comet__ScrollBridgeReceiver,126,4,3
no_RR,Real,compound-finance__comet__SweepableBridgeReceiver,108,5,2
no_RR,Real,ensdomains__ens-contracts__BaseRegistrarImplementation,4,4,4
no_RR,Real,ensdomains__ens-contracts__DefaultReverseResolver,1,1,1
no_RR,Real,ensdomains__ens-contracts__ENSRegistryWithFallback,5,5,5
no_RR,Real,euler-xyz__euler-vault-kit__BalanceForwarder,4,0,0
no_RR,Real,euler-xyz__euler-vault-kit__DToken,36,8,3
no_RR,Real,euler-xyz__euler-vault-kit__EulerSavingsRate,4,4,4
no_RR,Real,euler-xyz__euler-vault-kit__Governance,3,0,0
no_RR,Real,euler-xyz__euler-vault-kit__IRMLinearKink,35,23,20
no_RR,Real,euler-xyz__euler-vault-kit__PegStabilityModule,2283,36,26
no_RR,Real,euler-xyz__euler-vault-kit__ProtocolConfig,9,3,3
no_RR,Real,euler-xyz__euler-vault-kit__Token,3,0,0
no_RR,Real,morpho-org__morpho-blue__Morpho,1,1,0
no_RR,Real,sablier-labs__evm-monorepo__SablierComptroller,1,1,1
no_RR,Real,safe-fndn__safe-smart-account__MultiSend,3,3,3
no_RR,Real,safe-fndn__safe-smart-account__Safe,4,4,4
no_RR,Real,safe-fndn__safe-smart-account__SafeL2,4,4,4
no_RR,Real,safe-fndn__safe-smart-account__SafeMigration,4,0,0
no_RR,Real,safe-fndn__safe-smart-account__SimulateTxAccessor,4,4,4
no_RC,Real,ERC-3643__ERC-3643__AgentRole,45,25,10
no_RC,Real,ERC-3643__ERC-3643__AgentRoleUpgradeable,167,6,3
no_RC,Real,ERC-3643__ERC-3643__ClaimTopicsRegistry,185,21,18
no_RC,Real,ERC-3643__ERC-3643__ClaimTopicsRegistryProxy,149,4,4
no_RC,Real,ERC-3643__ERC-3643__DefaultCompliance,111,21,6
no_RC,Real,ERC-3643__ERC-3643__IAFactory,200,1,1
no_RC,Real,ERC-3643__ERC-3643__IdentityRegistry,300,16,3
no_RC,Real,ERC-3643__ERC-3643__IdentityRegistryProxy,158,10,10
no_RC,Real,ERC-3643__ERC-3643__IdentityRegistryStorage,251,7,3
no_RC,Real,ERC-3643__ERC-3643__IdentityRegistryStorageProxy,149,4,4
no_RC,Real,ERC-3643__ERC-3643__ModularCompliance,303,57,14
no_RC,Real,ERC-3643__ERC-3643__ModularComplianceProxy,149,4,4
no_RC,Real,ERC-3643__ERC-3643__TREXFactory,423,14,14
no_RC,Real,ERC-3643__ERC-3643__TREXGateway,979,4,4
no_RC,Real,ERC-3643__ERC-3643__TREXImplementationAuthority,185,7,1
no_RC,Real,ERC-3643__ERC-3643__Token,505,1,0
no_RC,Real,ERC-3643__ERC-3643__TokenProxy,178,18,16
no_RC,Real,ERC-3643__ERC-3643__TrustedIssuersRegistry,306,21,21
no_RC,Real,ERC-3643__ERC-3643__TrustedIssuersRegistryProxy,149,4,4
no_RC,Real,ProjectOpenSea__seaport__LocalConduit,66,8,3
no_RC,Real,ProjectOpenSea__seaport__LocalConduitController,187,1,1
no_RC,Real,ProjectOpenSea__seaport__PausableZone,366,22,18
no_RC,Real,ProjectOpenSea__seaport__PausableZoneController,376,32,1
no_RC,Real,ProjectOpenSea__seaport__ReferenceConduit,134,3,0
no_RC,Real,ProjectOpenSea__seaport__ReferenceConduitController,256,4,4
no_RC,Real,ProjectOpenSea__seaport__SeaportRouter,504,13,11
no_RC,Real,Uniswap__v4-core__PoolManager,1521,8,8
no_RC,Real,balancer__balancer-v3-monorepo__BalancerContractRegistry,204,3,3
no_RC,Real,balancer__balancer-v3-monorepo__BalancerFeeBurner,318,5,5
no_RC,Real,balancer__balancer-v3-monorepo__BalancerPoolToken,2004,5,5
no_RC,Real,balancer__balancer-v3-monorepo__CowRouter,1452,6,6
no_RC,Real,balancer__balancer-v3-monorepo__CowSwapFeeBurner,899,5,5
no_RC,Real,balancer__balancer-v3-monorepo__DynamicWeightedLPOracleFactory,1787,4,4
no_RC,Real,balancer__balancer-v3-monorepo__ECLPSurgeHook,3089,4,4
no_RC,Real,balancer__balancer-v3-monorepo__ERC4626CowSwapFeeBurner,960,7,7
no_RC,Real,balancer__balancer-v3-monorepo__FeeBurnerAuthentication,109,12,11
no_RC,Real,balancer__balancer-v3-monorepo__HyperEVMRateProviderFactory,146,3,3
no_RC,Real,balancer__balancer-v3-monorepo__MevCaptureHook,1510,5,5
no_RC,Real,balancer__balancer-v3-monorepo__OwnableAuthentication,118,12,11
no_RC,Real,balancer__balancer-v3-monorepo__PoolPauseHelper,1897,10,8
no_RC,Real,balancer__balancer-v3-monorepo__PoolSwapFeeHelper,1897,10,8
no_RC,Real,balancer__balancer-v3-monorepo__ProtocolFeeHelper,1895,10,8
no_RC,Real,balancer__balancer-v3-monorepo__ProtocolFeePercentagesProvider,1667,7,7
no_RC,Real,balancer__balancer-v3-monorepo__ProtocolFeeSweeper,297,4,4
no_RC,Real,balancer__balancer-v3-monorepo__StableLPOracleFactory,2112,4,4
no_RC,Real,balancer__balancer-v3-monorepo__TimelockAuthorizer,1698,0,0
no_RC,Real,balancer__balancer-v3-monorepo__TokenPairRegistry,508,12,11
no_RC,Real,balancer__balancer-v3-monorepo__WeightedLPOracleFactory,1785,4,4
no_RC,Real,balancer__balancer-v3-monorepo__WrappedBalancerPoolToken,2161,2,2
no_RC,Real,balancer__balancer-v3-monorepo__WrappedBalancerPoolTokenFactory,2178,1,1
no_RC,Real,compound-finance__comet__ArbitrumBridgeReceiver,114,2,2
no_RC,Real,compound-finance__comet__AssetList,508,5,3
no_RC,Real,compound-finance__comet__BaseBridgeReceiver,93,3,0
no_RC,Real,compound-finance__comet__BaseBulker,280,2,2
no_RC,Real,compound-finance__comet__CometProxyAdmin,207,22,2
no_RC,Real,compound-finance__comet__CometProxyAdminOld,193,17,2
no_RC,Real,compound-finance__comet__CometRewards,112,13,7
no_RC,Real,compound-finance__comet__ConfiguratorProxy,21,0,0
no_RC,Real,compound-finance__comet__ConstantPriceFeed,10,5,5
no_RC,Real,compound-finance__comet__EzETHExchangeRatePriceFeed,47,7,7
no_RC,Real,compound-finance__comet__LineaBridgeReceiver,115,3,3
no_RC,Real,compound-finance__comet__MainnetBulker,324,0,0
no_RC,Real,compound-finance__comet__MainnetBulkerWithWstETHSupport,344,1,1
no_RC,Real,compound-finance__comet__MarketAdminPermissionChecker,69,35,17
no_RC,Real,compound-finance__comet__MarketUpdateProposer,184,8,5
no_RC,Real,compound-finance__comet__MarketUpdateTimelock,92,33,8
no_RC,Real,compound-finance__comet__OnChainLiquidator,556,2,2
no_RC,Real,compound-finance__comet__OptimismBridgeReceiver,124,4,3
no_RC,Real,compound-finance__comet__PolygonBridgeReceiver,109,2,1
no_RC,Real,compound-finance__comet__RateBasedScalingPriceFeed,52,10,5
no_RC,Real,compound-finance__comet__RoninBridgeReceiver,138,8,6
no_RC,Real,compound-finance__comet__RsETHScalingPriceFeed,54,7,7
no_RC,Real,compound-finance__comet__ScalingPriceFeed,35,3,3
no_RC,Real,compound-finance__comet__ScalingPriceFeedWithCustomDescription,36,3,3
no_RC,Real,compound-finance__comet__ScrollBridgeReceiver,126,4,3
no_RC,Real,compound-finance__comet__SweepableBridgeReceiver,108,5,2
no_RC,Real,ensdomains__ens-contracts__BaseRegistrarImplementation,1052,8,6
no_RC,Real,ensdomains__ens-contracts__BulkRenewal,1410,9,9
no_RC,Real,ensdomains__ens-contracts__ChainReverseResolver,1270,3,3
no_RC,Real,ensdomains__ens-contracts__Controllable,15,13,3
no_RC,Real,ensdomains__ens-contracts__DNSRegistrar,1441,1,1
no_RC,Real,ensdomains__ens-contracts__DNSSECImpl,875,4,4
no_RC,Real,ensdomains__ens-contracts__DefaultReverseRegistrar,1724,16,0
no_RC,Real,ensdomains__ens-contracts__DefaultReverseResolver,773,10,8
no_RC,Real,ensdomains__ens-contracts__ENSRegistry,42,8,3
no_RC,Real,ensdomains__ens-contracts__ENSRegistryWithFallback,73,21,20
no_RC,Real,ensdomains__ens-contracts__ERC20Recoverable,18,13,3
no_RC,Real,ensdomains__ens-contracts__ETHRegistrarController,1378,6,6
no_RC,Real,ensdomains__ens-contracts__ETHReverseResolver,820,12,8
no_RC,Real,ensdomains__ens-contracts__ExponentialPremiumPriceOracle,521,25,25
no_RC,Real,ensdomains__ens-contracts__ExtendedDNSResolver,1358,2,2
no_RC,Real,ensdomains__ens-contracts__L2ReverseRegistrar,1730,10,10
no_RC,Real,ensdomains__ens-contracts__LinearPremiumPriceOracle,300,7,7
no_RC,Real,ensdomains__ens-contracts__MigrationHelper,123,1,1
no_RC,Real,ensdomains__ens-contracts__OffchainDNSResolver,1124,4,4
no_RC,Real,ensdomains__ens-contracts__Ownable,8,0,0
no_RC,Real,ensdomains__ens-contracts__Owned,6,3,3
no_RC,Real,ensdomains__ens-contracts__OwnedResolver,1433,0,0
no_RC,Real,ensdomains__ens-contracts__PublicResolver,1541,0,0
no_RC,Real,ensdomains__ens-contracts__RegistrarSecurityController,1065,1,1
no_RC,Real,ensdomains__ens-contracts__ReverseRegistrar,56,21,1
no_RC,Real,ensdomains__ens-contracts__Root,42,17,3
no_RC,Real,ensdomains__ens-contracts__RootSecurityController,53,1,1
no_RC,Real,ensdomains__ens-contracts__SimplePublicSuffixList,18,0,1
no_RC,Real,ensdomains__ens-contracts__StablePriceOracle,231,6,6
no_RC,Real,ensdomains__ens-contracts__StandaloneReverseRegistrar,14,6,6
no_RC,Real,ensdomains__ens-contracts__StaticBulkRenewal,1409,7,7
no_RC,Real,ensdomains__ens-contracts__UniversalResolver,1137,0,0
no_RC,Real,euler-xyz__euler-vault-kit__BalanceForwarder,838,2,2
no_RC,Real,euler-xyz__euler-vault-kit__DToken,36,8,3
no_RC,Real,euler-xyz__euler-vault-kit__EulerSavingsRate,1887,9,9
no_RC,Real,euler-xyz__euler-vault-kit__GenericFactory,105,19,5
no_RC,Real,euler-xyz__euler-vault-kit__Governance,1225,2,2
no_RC,Real,euler-xyz__euler-vault-kit__HookTargetSynth,10,4,2
no_RC,Real,euler-xyz__euler-vault-kit__IRMLinearKink,35,23,20
no_RC,Real,euler-xyz__euler-vault-kit__IRMSynth,86,8,8
no_RC,Real,euler-xyz__euler-vault-kit__PegStabilityModule,2283,36,25
no_RC,Real,euler-xyz__euler-vault-kit__ProtocolConfig,128,53,11
no_RC,Real,euler-xyz__euler-vault-kit__RiskManager,1052,2,2
no_RC,Real,euler-xyz__euler-vault-kit__Token,918,2,2
no_RC,Real,euler-xyz__euler-vault-kit__Vault,1025,2,2
no_RC,Real,morpho-org__morpho-blue__Morpho,456,10,1
no_RC,Real,sablier-labs__evm-monorepo__SablierBob,2148,2,2
no_RC,Real,sablier-labs__evm-monorepo__SablierComptroller,1142,6,5
no_RC,Real,safe-fndn__safe-smart-account__ExtensibleFallbackHandler,87,4,4
no_RC,Real,safe-fndn__safe-smart-account__MultiSend,4,4,3
no_RC,Real,safe-fndn__safe-smart-account__MultiSendCallOnly,1,1,0
no_RC,Real,safe-fndn__safe-smart-account__Safe,560,7,5
no_RC,Real,safe-fndn__safe-smart-account__SafeL2,564,7,5
no_RC,Real,safe-fndn__safe-smart-account__SafeMigration,31,3,3
no_RC,Real,safe-fndn__safe-smart-account__SafeToL2Setup,22,4,0
no_RC,Real,safe-fndn__safe-smart-account__SignMessageLib,8,0,0
no_RC,Real,safe-fndn__safe-smart-account__SimulateTxAccessor,18,4,4
no_RC,Real,safe-fndn__safe-smart-account__TokenCallbackHandler,16,3,3
no_OS,Real,ERC-3643__ERC-3643__AgentRole,45,25,13
no_OS,Real,ERC-3643__ERC-3643__AgentRoleUpgradeable,167,6,2
no_OS,Real,ERC-3643__ERC-3643__ClaimTopicsRegistry,185,21,7
no_OS,Real,ERC-3643__ERC-3643__ClaimTopicsRegistryProxy,149,4,4
no_OS,Real,ERC-3643__ERC-3643__DefaultCompliance,111,21,11
no_OS,Real,ERC-3643__ERC-3643__IAFactory,200,1,1
no_OS,Real,ERC-3643__ERC-3643__IdentityRegistry,300,16,2
no_OS,Real,ERC-3643__ERC-3643__IdentityRegistryProxy,158,10,10
no_OS,Real,ERC-3643__ERC-3643__IdentityRegistryStorage,251,7,2
no_OS,Real,ERC-3643__ERC-3643__IdentityRegistryStorageProxy,149,4,4
no_OS,Real,ERC-3643__ERC-3643__ModularCompliance,303,57,7
no_OS,Real,ERC-3643__ERC-3643__ModularComplianceProxy,149,4,4
no_OS,Real,ERC-3643__ERC-3643__TREXFactory,423,14,14
no_OS,Real,ERC-3643__ERC-3643__TREXGateway,824,4,4
no_OS,Real,ERC-3643__ERC-3643__TREXImplementationAuthority,7,7,1
no_OS,Real,ERC-3643__ERC-3643__Token,1,1,0
no_OS,Real,ERC-3643__ERC-3643__TokenProxy,18,18,18
no_OS,Real,ERC-3643__ERC-3643__TrustedIssuersRegistry,22,21,7
no_OS,Real,ERC-3643__ERC-3643__TrustedIssuersRegistryProxy,4,4,4
no_OS,Real,ProjectOpenSea__seaport__LocalConduit,8,8,5
no_OS,Real,ProjectOpenSea__seaport__LocalConduitController,1,1,0
no_OS,Real,ProjectOpenSea__seaport__PausableZone,49,21,6
no_OS,Real,ProjectOpenSea__seaport__PausableZoneController,87,32,1
no_OS,Real,ProjectOpenSea__seaport__ReferenceConduit,3,3,0
no_OS,Real,ProjectOpenSea__seaport__ReferenceConduitController,4,4,0
no_OS,Real,ProjectOpenSea__seaport__SeaportNavigator,3,3,3
no_OS,Real,ProjectOpenSea__seaport__SeaportRouter,13,13,5
no_OS,Real,ProjectOpenSea__seaport__SeaportValidator,3,3,3
no_OS,Real,Uniswap__v4-core__PoolManager,8,8,5
no_OS,Real,balancer__balancer-v3-monorepo__BalancerContractRegistry,5,3,2
no_OS,Real,balancer__balancer-v3-monorepo__BalancerFeeBurner,9,5,5
no_OS,Real,balancer__balancer-v3-monorepo__BalancerPoolToken,5,5,2
no_OS,Real,balancer__balancer-v3-monorepo__CowRouter,9,6,6
no_OS,Real,balancer__balancer-v3-monorepo__CowSwapFeeBurner,9,5,5
no_OS,Real,balancer__balancer-v3-monorepo__DynamicWeightedLPOracleFactory,4,4,4
no_OS,Real,balancer__balancer-v3-monorepo__ECLPSurgeHook,4,4,4
no_OS,Real,balancer__balancer-v3-monorepo__ERC4626CowSwapFeeBurner,7,7,7
no_OS,Real,balancer__balancer-v3-monorepo__FeeBurnerAuthentication,16,12,5
no_OS,Real,balancer__balancer-v3-monorepo__HyperEVMRateProviderFactory,5,3,3
no_OS,Real,balancer__balancer-v3-monorepo__MevCaptureHook,8,5,5
no_OS,Real,balancer__balancer-v3-monorepo__OwnableAuthentication,21,12,5
no_OS,Real,balancer__balancer-v3-monorepo__PoolPauseHelper,14,10,7
no_OS,Real,balancer__balancer-v3-monorepo__PoolSwapFeeHelper,14,10,7
no_OS,Real,balancer__balancer-v3-monorepo__ProtocolFeeHelper,14,10,7
no_OS,Real,balancer__balancer-v3-monorepo__ProtocolFeePercentagesProvider,13,7,7
no_OS,Real,balancer__balancer-v3-monorepo__ProtocolFeeSweeper,11,4,4
no_OS,Real,balancer__balancer-v3-monorepo__StableLPOracleFactory,4,4,4
no_OS,Real,balancer__balancer-v3-monorepo__TimelockAuthorizer,2,0,0
no_OS,Real,balancer__balancer-v3-monorepo__TokenPairRegistry,18,12,5
no_OS,Real,balancer__balancer-v3-monorepo__WeightedLPOracleFactory,4,4,4
no_OS,Real,balancer__balancer-v3-monorepo__WrappedBalancerPoolToken,2,2,2
no_OS,Real,balancer__balancer-v3-monorepo__WrappedBalancerPoolTokenFactory,1,1,1
no_OS,Real,compound-finance__comet__ArbitrumBridgeReceiver,2,2,0
no_OS,Real,compound-finance__comet__BaseBridgeReceiver,3,3,0
no_OS,Real,compound-finance__comet__BaseBulker,11,2,0
no_OS,Real,compound-finance__comet__CometExt,14,14,0
no_OS,Real,compound-finance__comet__CometProxyAdmin,22,22,13
no_OS,Real,compound-finance__comet__CometProxyAdminOld,17,17,13
no_OS,Real,compound-finance__comet__CometRewards,26,10,1
no_OS,Real,compound-finance__comet__ConfiguratorProxy,5,0,0
no_OS,Real,compound-finance__comet__ConstantPriceFeed,5,5,0
no_OS,Real,compound-finance__comet__EzETHExchangeRatePriceFeed,7,7,7
no_OS,Real,compound-finance__comet__LineaBridgeReceiver,3,3,1
no_OS,Real,compound-finance__comet__MainnetBulker,8,0,0
no_OS,Real,compound-finance__comet__MainnetBulkerWithWstETHSupport,9,1,1
no_OS,Real,compound-finance__comet__MarketAdminPermissionChecker,39,35,13
no_OS,Real,compound-finance__comet__MarketUpdateProposer,10,8,5
no_OS,Real,compound-finance__comet__MarketUpdateTimelock,35,33,18
no_OS,Real,compound-finance__comet__MultiplicativePriceFeed,4,4,4
no_OS,Real,compound-finance__comet__OnChainLiquidator,2,2,2
no_OS,Real,compound-finance__comet__OptimismBridgeReceiver,9,4,1
no_OS,Real,compound-finance__comet__PolygonBridgeReceiver,8,2,1
no_OS,Real,compound-finance__comet__PriceFeedWith4626Support,4,4,4
no_OS,Real,compound-finance__comet__RateBasedScalingPriceFeed,10,10,5
no_OS,Real,compound-finance__comet__ReverseMultiplicativePriceFeed,4,4,4
no_OS,Real,compound-finance__comet__RoninBridgeReceiver,9,8,1
no_OS,Real,compound-finance__comet__RsETHScalingPriceFeed,7,7,7
no_OS,Real,compound-finance__comet__ScalingPriceFeed,3,3,3
no_OS,Real,compound-finance__comet__ScalingPriceFeedWithCustomDescription,3,3,3
no_OS,Real,compound-finance__comet__ScrollBridgeReceiver,9,4,1
no_OS,Real,compound-finance__comet__SweepableBridgeReceiver,7,5,0
no_OS,Real,compound-finance__comet__WBTCPriceFeed,4,4,4
no_OS,Real,compound-finance__comet__WstETHPriceFeed,4,4,4
no_OS,Real,ensdomains__ens-contracts__BaseRegistrarImplementation,8,8,3
no_OS,Real,ensdomains__ens-contracts__BulkRenewal,9,9,6
no_OS,Real,ensdomains__ens-contracts__CCIPReader,1,1,1
no_OS,Real,ensdomains__ens-contracts__ChainReverseResolver,3,3,2
no_OS,Real,ensdomains__ens-contracts__Controllable,13,13,8
no_OS,Real,ensdomains__ens-contracts__DNSRegistrar,1,1,1
no_OS,Real,ensdomains__ens-contracts__DNSSECImpl,6,3,1
no_OS,Real,ensdomains__ens-contracts__DefaultReverseRegistrar,16,16,9
no_OS,Real,ensdomains__ens-contracts__DefaultReverseResolver,8,8,0
no_OS,Real,ensdomains__ens-contracts__ENSRegistry,8,8,0
no_OS,Real,ensdomains__ens-contracts__ENSRegistryWithFallback,16,16,4
no_OS,Real,ensdomains__ens-contracts__ERC20Recoverable,13,13,8
no_OS,Real,ensdomains__ens-contracts__ETHRegistrarController,13,6,6
no_OS,Real,ensdomains__ens-contracts__ETHReverseResolver,11,11,1
no_OS,Real,ensdomains__ens-contracts__ExponentialPremiumPriceOracle,11,11,1
no_OS,Real,ensdomains__ens-contracts__ExtendedDNSResolver,2,2,0
no_OS,Real,ensdomains__ens-contracts__ExtendedResolver,2,2,0
no_OS,Real,ensdomains__ens-contracts__FIFSRegistrar,1,1,1
no_OS,Real,ensdomains__ens-contracts__GatewayProvider,2,2,2
no_OS,Real,ensdomains__ens-contracts__L2ReverseRegistrar,8,8,1
no_OS,Real,ensdomains__ens-contracts__L2ReverseRegistrarWithMigration,3,3,2
no_OS,Real,ensdomains__ens-contracts__LinearPremiumPriceOracle,6,6,1
no_OS,Real,ensdomains__ens-contracts__MigrationHelper,1,1,1
no_OS,Real,ensdomains__ens-contracts__OffchainDNSResolver,4,4,1
no_OS,Real,ensdomains__ens-contracts__Ownable,2,0,0
no_OS,Real,ensdomains__ens-contracts__Owned,4,2,0
no_OS,Real,ensdomains__ens-contracts__P256SHA256Algorithm,10,10,0
no_OS,Real,ensdomains__ens-contracts__RSASHA1Algorithm,7,7,0
no_OS,Real,ensdomains__ens-contracts__RSASHA256Algorithm,7,7,0
no_OS,Real,ensdomains__ens-contracts__RegistrarSecurityController,3,1,1
no_OS,Real,ensdomains__ens-contracts__ReverseRegistrar,21,21,11
no_OS,Real,ensdomains__ens-contracts__Root,17,17,10
no_OS,Real,ensdomains__ens-contracts__RootSecurityController,4,1,1
no_OS,Real,ensdomains__ens-contracts__SHA1Digest,6,6,0
no_OS,Real,ensdomains__ens-contracts__SHA256Digest,4,4,0
no_OS,Real,ensdomains__ens-contracts__ShuffledGatewayProvider,9,9,1
no_OS,Real,ensdomains__ens-contracts__SimplePublicSuffixList,3,0,0
no_OS,Real,ensdomains__ens-contracts__StablePriceOracle,6,6,3
no_OS,Real,ensdomains__ens-contracts__StandaloneReverseRegistrar,5,5,0
no_OS,Real,ensdomains__ens-contracts__StaticBulkRenewal,7,7,4
no_OS,Real,ensdomains__ens-contracts__StaticMetadataService,1,1,1
no_OS,Real,ensdomains__ens-contracts__UniversalResolver,6,0,0
no_OS,Real,ensdomains__ens-contracts__UniversalSigValidator,10,10,0
no_OS,Real,euler-xyz__euler-vault-kit__BalanceForwarder,6,2,2
no_OS,Real,euler-xyz__euler-vault-kit__Borrowing,2,2,2
no_OS,Real,euler-xyz__euler-vault-kit__DToken,8,8,0
no_OS,Real,euler-xyz__euler-vault-kit__ESynth,6,6,6
no_OS,Real,euler-xyz__euler-vault-kit__EVault,2,2,2
no_OS,Real,euler-xyz__euler-vault-kit__EulerSavingsRate,5,5,5
no_OS,Real,euler-xyz__euler-vault-kit__GenericFactory,19,19,3
no_OS,Real,euler-xyz__euler-vault-kit__Governance,4,2,2
no_OS,Real,euler-xyz__euler-vault-kit__HookTargetSynth,6,4,0
no_OS,Real,euler-xyz__euler-vault-kit__IRMLinearKink,23,23,12
no_OS,Real,euler-xyz__euler-vault-kit__IRMSynth,11,8,8
no_OS,Real,euler-xyz__euler-vault-kit__Initialize,2,2,2
no_OS,Real,euler-xyz__euler-vault-kit__PegStabilityModule,36,27,14
no_OS,Real,euler-xyz__euler-vault-kit__ProtocolConfig,78,53,5
no_OS,Real,euler-xyz__euler-vault-kit__RiskManager,10,2,2
no_OS,Real,euler-xyz__euler-vault-kit__SequenceRegistry,3,3,1
no_OS,Real,euler-xyz__euler-vault-kit__Token,5,2,2
no_OS,Real,euler-xyz__euler-vault-kit__Vault,2,2,2
no_OS,Real,morpho-org__morpho-blue__Morpho,11,9,2
no_OS,Real,sablier-labs__evm-monorepo__FlowNFTDescriptor,1,1,0
no_OS,Real,sablier-labs__evm-monorepo__SablierBob,2,2,2
no_OS,Real,sablier-labs__evm-monorepo__SablierComptroller,8,6,1
no_OS,Real,sablier-labs__evm-monorepo__SablierEscrow,4,4,4
no_OS,Real,sablier-labs__evm-monorepo__SablierLidoAdapter,7,7,7
no_OS,Real,safe-fndn__safe-smart-account__CreateCall,2,2,0
no_OS,Real,safe-fndn__safe-smart-account__MultiSend,4,4,1
no_OS,Real,safe-fndn__safe-smart-account__MultiSendCallOnly,1,1,1
no_OS,Real,safe-fndn__safe-smart-account__Safe,7,7,0
no_OS,Real,safe-fndn__safe-smart-account__SafeL2,7,7,0
no_OS,Real,safe-fndn__safe-smart-account__SafeMigration,7,3,3
no_OS,Real,safe-fndn__safe-smart-account__SafeProxyFactory,2,2,0
no_OS,Real,safe-fndn__safe-smart-account__SafeToL2Setup,4,4,0
no_OS,Real,safe-fndn__safe-smart-account__SignMessageLib,4,0,0
no_OS,Real,safe-fndn__safe-smart-account__SimulateTxAccessor,4,4,0
no_OS,Real,safe-fndn__safe-smart-account__TokenCallbackHandler,3,3,0
